﻿<?xml version="1.0" encoding="utf-8"?>
<Project SchemaVersion="2.47.473.0" ProjectRevision="679">
  <Guid>ffe53069-5a23-462f-8616-12aa85b1e19d</Guid>
  <ProjectFiles>
    <ProjectFile Name="Project Files\iXCustomSplash.bmp" ModifiedDate="2024-01-16T12:00:47.6550803-06:00" Length="522378" />
    <ProjectFile Name="ProjectImages.neo" ModifiedDate="2024-01-16T12:00:47.6690439-06:00" Length="456" />
    <ProjectFile Name="Symbols\barcode (1).png" ModifiedDate="2024-01-16T12:00:47.8416208-06:00" Length="5799" />
    <ProjectFile Name="Symbols\barcode.png" ModifiedDate="2024-01-16T12:00:47.8515873-06:00" Length="7424" />
    <ProjectFile Name="Symbols\letter-x-256.png" ModifiedDate="2024-01-16T12:00:47.9263866-06:00" Length="5559" />
    <ProjectFile Name="Symbols\barcode with border.jpg" ModifiedDate="2024-01-16T12:00:47.846567-06:00" Length="82106" />
    <ProjectFile Name="Symbols\cap20200923085241750.jpg" ModifiedDate="2024-01-16T12:00:47.88646-06:00" Length="2607" />
    <ProjectFile Name="Symbols\cap20200923085301812.jpg" ModifiedDate="2024-01-16T12:00:47.8914463-06:00" Length="2536" />
    <ProjectFile Name="Symbols\off.jpg" ModifiedDate="2024-01-16T12:00:47.93636-06:00" Length="3536" />
    <ProjectFile Name="Symbols\on.jpg" ModifiedDate="2024-01-16T12:00:47.9403495-06:00" Length="3633" />
    <ProjectFile Name="Symbols\outline.jpg" ModifiedDate="2024-01-16T12:00:47.9453018-06:00" Length="15609" />
    <ProjectFile Name="Symbols\untitled.jpg" ModifiedDate="2024-01-16T12:00:47.9971973-06:00" Length="84863" />
    <ProjectFile Name="Symbols\button9_green13.gif" ModifiedDate="2024-01-16T12:00:47.8804757-06:00" Length="8751" />
    <ProjectFile Name="Symbols\home (1).gif" ModifiedDate="2024-01-16T12:00:47.8954696-06:00" Length="5104" />
    <ProjectFile Name="Symbols\log in.gif" ModifiedDate="2024-01-16T12:00:47.9303767-06:00" Length="5839" />
    <ProjectFile Name="Symbols\terminal.gif" ModifiedDate="2024-01-16T12:00:47.9872241-06:00" Length="8012" />
    <ProjectFile Name="Symbols\action cancel red.lib" ModifiedDate="2024-01-16T12:00:47.8077069-06:00" Length="16648" />
    <ProjectFile Name="Symbols\action cancel1.lib" ModifiedDate="2024-01-16T12:00:47.8126581-06:00" Length="32573" />
    <ProjectFile Name="Symbols\ag_arrow left green.lib" ModifiedDate="2024-01-16T12:00:47.8176444-06:00" Length="12158" />
    <ProjectFile Name="Symbols\ag_arrow right green.lib" ModifiedDate="2024-01-16T12:00:47.8216346-06:00" Length="12518" />
    <ProjectFile Name="Symbols\ag_arrow_02 green.lib" ModifiedDate="2024-01-16T12:00:47.8276175-06:00" Length="18909" />
    <ProjectFile Name="Symbols\alarm.lib" ModifiedDate="2024-01-16T12:00:47.8326171-06:00" Length="49541" />
    <ProjectFile Name="Symbols\arrow 1.lib" ModifiedDate="2024-01-16T12:00:47.8376314-06:00" Length="6506" />
    <ProjectFile Name="Symbols\beijer-electronics1.lib" ModifiedDate="2024-01-16T12:00:47.8565755-06:00" Length="9452" />
    <ProjectFile Name="Symbols\br_arrow first.lib" ModifiedDate="2024-01-16T12:00:47.8615266-06:00" Length="22687" />
    <ProjectFile Name="Symbols\br_arrow last.lib" ModifiedDate="2024-01-16T12:00:47.8655369-06:00" Length="22752" />
    <ProjectFile Name="Symbols\br_arrow left8.lib" ModifiedDate="2024-01-16T12:00:47.8715003-06:00" Length="22450" />
    <ProjectFile Name="Symbols\br_arrow right8.lib" ModifiedDate="2024-01-16T12:00:47.8764865-06:00" Length="22541" />
    <ProjectFile Name="Symbols\home.lib" ModifiedDate="2024-01-16T12:00:47.9014196-06:00" Length="20595" />
    <ProjectFile Name="Symbols\led_green.lib" ModifiedDate="2024-01-16T12:00:47.9064065-06:00" Length="34325" />
    <ProjectFile Name="Symbols\led_green_off.lib" ModifiedDate="2024-01-16T12:00:47.9113929-06:00" Length="33053" />
    <ProjectFile Name="Symbols\led_red.lib" ModifiedDate="2024-01-16T12:00:47.9163919-06:00" Length="33316" />
    <ProjectFile Name="Symbols\led_red_off.lib" ModifiedDate="2024-01-16T12:00:47.9223639-06:00" Length="32558" />
    <ProjectFile Name="Symbols\padlock.lib" ModifiedDate="2024-01-16T12:00:47.9503024-06:00" Length="15825" />
    <ProjectFile Name="Symbols\rocker switch2 off.lib" ModifiedDate="2024-01-16T12:00:47.9552754-06:00" Length="11891" />
    <ProjectFile Name="Symbols\rocker switch2 on.lib" ModifiedDate="2024-01-16T12:00:47.9592984-06:00" Length="11957" />
    <ProjectFile Name="Symbols\rocker switch3 off.lib" ModifiedDate="2024-01-16T12:00:47.9642514-06:00" Length="11377" />
    <ProjectFile Name="Symbols\rocker switch3 on.lib" ModifiedDate="2024-01-16T12:00:47.9692376-06:00" Length="11473" />
    <ProjectFile Name="Symbols\security.lib" ModifiedDate="2024-01-16T12:00:47.9742244-06:00" Length="43163" />
    <ProjectFile Name="Symbols\slide switch2 off.lib" ModifiedDate="2024-01-16T12:00:47.9782485-06:00" Length="12559" />
    <ProjectFile Name="Symbols\slide switch2 on.lib" ModifiedDate="2024-01-16T12:00:47.9822046-06:00" Length="12779" />
    <ProjectFile Name="Symbols\touchscreen.lib" ModifiedDate="2024-01-16T12:00:47.9921762-06:00" Length="40863" />
    <ProjectFile Name="SntpClientRootComponent.neo" ModifiedDate="2024-01-16T12:00:47.7986974-06:00" Length="515" />
    <ProjectFile Name="ProjectConfiguration.neo" ModifiedDate="2024-01-16T12:00:47.6630928-06:00" Length="6377" />
    <ProjectFile Name="Security.neo" ModifiedDate="2024-01-16T12:00:47.6820114-06:00" Length="477" />
    <ProjectFile Name="Security.Script.cs" ModifiedDate="2024-01-16T12:00:47.6740552-06:00" Length="783" />
    <ProjectFile Name="Security.xml" ModifiedDate="2024-01-16T12:00:47.6820114-06:00" Length="784" />
    <ProjectFile Name="LicenseRootComponent.neo" ModifiedDate="2024-01-16T12:00:47.5075119-06:00" Length="21055" />
    <ProjectFile Name="Expressions.neo" ModifiedDate="2024-01-16T12:00:47.3738349-06:00" Length="1484" />
    <ProjectFile Name="MultipleLanguages.neo" ModifiedDate="2024-01-17T13:16:32.9910099-06:00" Length="254049" />
    <ProjectFile Name="Tags.neo" ModifiedDate="2024-01-17T14:07:01.050514-06:00" Length="876755" />
    <ProjectFile Name="Tags.Script.cs" ModifiedDate="2024-01-17T14:07:01.050514-06:00" Length="1809" />
    <ProjectFile Name="AlarmServer.neo" ModifiedDate="2024-01-16T12:00:47.2501679-06:00" Length="1053" />
    <ProjectFile Name="CloudConfiguration.neo" ModifiedDate="2024-01-16T12:00:47.2940832-06:00" Length="1548" />
    <ProjectFile Name="BaseTemplate.neoxaml" ModifiedDate="2024-01-17T13:16:33.0328979-06:00" Length="804" />
    <ProjectFile Name="BaseTemplate.Script.cs" ModifiedDate="2024-01-17T13:16:33.0338952-06:00" Length="2471" />
    <ProjectFile Name="BaseTemplate.xaml" ModifiedDate="2024-01-17T13:16:33.0927378-06:00" Length="33690" />
    <ProjectFile Name="Home.neoxaml" ModifiedDate="2024-01-16T12:00:47.4207426-06:00" Length="796" />
    <ProjectFile Name="Home.xaml" ModifiedDate="2024-01-16T12:00:47.4357017-06:00" Length="10279" />
    <ProjectFile Name="Dashboard.neoxaml" ModifiedDate="2024-01-17T14:14:06.3281823-06:00" Length="801" />
    <ProjectFile Name="Dashboard.Script.cs" ModifiedDate="2024-01-17T14:14:06.3281823-06:00" Length="1056" />
    <ProjectFile Name="Dashboard.xaml" ModifiedDate="2024-01-17T14:14:06.3839814-06:00" Length="27291" />
    <ProjectFile Name="Settings_P1.neoxaml" ModifiedDate="2024-01-16T12:00:47.7578387-06:00" Length="803" />
    <ProjectFile Name="Settings_P1.xaml" ModifiedDate="2024-01-16T12:00:47.7678131-06:00" Length="21055" />
    <ProjectFile Name="Settings_P2.neoxaml" ModifiedDate="2024-01-16T12:00:47.7767552-06:00" Length="803" />
    <ProjectFile Name="Settings_P2.xaml" ModifiedDate="2024-01-16T12:00:47.7847326-06:00" Length="48713" />
    <ProjectFile Name="Admin.neoxaml" ModifiedDate="2024-01-16T12:00:47.1444843-06:00" Length="797" />
    <ProjectFile Name="Admin.xaml" ModifiedDate="2024-01-16T12:00:47.1554209-06:00" Length="16459" />
    <ProjectFile Name="IO_P1.neoxaml" ModifiedDate="2024-01-16T12:00:47.449632-06:00" Length="49639" />
    <ProjectFile Name="IO_P1.Script.cs" ModifiedDate="2024-01-16T12:00:47.4406558-06:00" Length="1909" />
    <ProjectFile Name="IO_P1.xaml" ModifiedDate="2024-01-16T12:00:47.4656108-06:00" Length="65718" />
    <ProjectFile Name="IO_P2.neoxaml" ModifiedDate="2024-01-16T12:00:47.4755621-06:00" Length="797" />
    <ProjectFile Name="IO_P2.xaml" ModifiedDate="2024-01-16T12:00:47.4855356-06:00" Length="36381" />
    <ProjectFile Name="IO_P3.neoxaml" ModifiedDate="2024-01-16T12:00:47.4965466-06:00" Length="797" />
    <ProjectFile Name="IO_P3.xaml" ModifiedDate="2024-01-16T12:00:47.5034871-06:00" Length="28180" />
    <ProjectFile Name="Service_P1.neoxaml" ModifiedDate="2024-01-16T12:00:47.6969681-06:00" Length="802" />
    <ProjectFile Name="Service_P1.Script.cs" ModifiedDate="2024-01-16T12:00:47.6879926-06:00" Length="785" />
    <ProjectFile Name="Service_P1.xaml" ModifiedDate="2024-01-16T12:00:47.7079387-06:00" Length="34224" />
    <ProjectFile Name="Service_P2.neoxaml" ModifiedDate="2024-01-16T12:00:47.7169461-06:00" Length="802" />
    <ProjectFile Name="Service_P2.xaml" ModifiedDate="2024-01-16T12:00:47.7268879-06:00" Length="40967" />
    <ProjectFile Name="Service_P3.neoxaml" ModifiedDate="2024-01-16T12:00:47.7368611-06:00" Length="802" />
    <ProjectFile Name="Service_P3.xaml" ModifiedDate="2024-01-16T12:00:47.7498265-06:00" Length="39571" />
    <ProjectFile Name="About_Sharp.neoxaml" ModifiedDate="2024-01-17T12:43:20.4649493-06:00" Length="803" />
    <ProjectFile Name="About_Sharp.Script.cs" ModifiedDate="2024-01-17T12:43:20.4649493-06:00" Length="786" />
    <ProjectFile Name="About_Sharp.xaml" ModifiedDate="2024-01-17T12:43:20.4888973-06:00" Length="9345" />
    <ProjectFile Name="Faults.neoxaml" ModifiedDate="2024-01-16T12:00:47.3877976-06:00" Length="110957" />
    <ProjectFile Name="Faults.Script.cs" ModifiedDate="2024-01-16T12:00:47.3768623-06:00" Length="825" />
    <ProjectFile Name="Faults.xaml" ModifiedDate="2024-01-16T12:00:47.4057496-06:00" Length="21797" />
    <ProjectFile Name="Option_Printer.neoxaml" ModifiedDate="2024-01-17T13:16:33.4457932-06:00" Length="806" />
    <ProjectFile Name="Option_Printer.xaml" ModifiedDate="2024-01-17T13:16:33.4846887-06:00" Length="22659" />
    <ProjectFile Name="Option_IBD.neoxaml" ModifiedDate="2024-01-16T12:00:47.5782866-06:00" Length="802" />
    <ProjectFile Name="Option_IBD.xaml" ModifiedDate="2024-01-16T12:00:47.5942783-06:00" Length="13605" />
    <ProjectFile Name="Option_BarcodeVerifier.neoxaml" ModifiedDate="2024-01-16T12:00:47.5533803-06:00" Length="814" />
    <ProjectFile Name="Option_BarcodeVerifier.xaml" ModifiedDate="2024-01-16T12:00:47.5643239-06:00" Length="26885" />
    <ProjectFile Name="Option_LoadShelf.neoxaml" ModifiedDate="2024-01-16T12:00:47.604251-06:00" Length="808" />
    <ProjectFile Name="Option_LoadShelf.xaml" ModifiedDate="2024-01-16T12:00:47.6102365-06:00" Length="11450" />
    <ProjectFile Name="Dashboard_Help.neoxaml" ModifiedDate="2024-01-16T12:00:47.3439499-06:00" Length="806" />
    <ProjectFile Name="Dashboard_Help.xaml" ModifiedDate="2024-01-16T12:00:47.3628971-06:00" Length="7227" />
    <ProjectFile Name="Advanced_P1.neoxaml" ModifiedDate="2024-01-16T12:00:47.1693835-06:00" Length="803" />
    <ProjectFile Name="Advanced_P1.Script.cs" ModifiedDate="2024-01-16T12:00:47.1594103-06:00" Length="786" />
    <ProjectFile Name="Advanced_P1.xaml" ModifiedDate="2024-01-16T12:00:47.1823642-06:00" Length="32565" />
    <ProjectFile Name="Advanced_P2.neoxaml" ModifiedDate="2024-01-16T12:00:47.1903612-06:00" Length="803" />
    <ProjectFile Name="Advanced_P2.xaml" ModifiedDate="2024-01-16T12:00:47.1963457-06:00" Length="13800" />
    <ProjectFile Name="Advanced_P3.neoxaml" ModifiedDate="2024-01-16T12:00:47.2062845-06:00" Length="803" />
    <ProjectFile Name="Advanced_P3.xaml" ModifiedDate="2024-01-16T12:00:47.2192496-06:00" Length="21825" />
    <ProjectFile Name="Advanced_P4.neoxaml" ModifiedDate="2024-01-16T12:00:47.2282612-06:00" Length="803" />
    <ProjectFile Name="Advanced_P4.xaml" ModifiedDate="2024-01-16T12:00:47.2421884-06:00" Length="44935" />
    <ProjectFile Name="Options.neoxaml" ModifiedDate="2024-01-17T12:43:20.6544186-06:00" Length="799" />
    <ProjectFile Name="Options.Script.cs" ModifiedDate="2024-01-17T12:43:20.6554156-06:00" Length="789" />
    <ProjectFile Name="Options.xaml" ModifiedDate="2024-01-17T12:43:20.6933482-06:00" Length="22802" />
    <ProjectFile Name="Login.neoxaml" ModifiedDate="2024-01-17T13:14:46.8583054-06:00" Length="797" />
    <ProjectFile Name="Login.Script.cs" ModifiedDate="2024-01-17T13:14:46.8583054-06:00" Length="1890" />
    <ProjectFile Name="Login.xaml" ModifiedDate="2024-01-17T13:14:46.8831908-06:00" Length="6111" />
    <ProjectFile Name="Status.neoxaml" ModifiedDate="2024-01-17T14:07:02.2271637-06:00" Length="798" />
    <ProjectFile Name="Status.Script.cs" ModifiedDate="2024-01-17T14:07:02.2271637-06:00" Length="10696" />
    <ProjectFile Name="Status.xaml" ModifiedDate="2024-01-17T14:07:02.4246332-06:00" Length="20301" />
    <ProjectFile Name="CommLoss.neoxaml" ModifiedDate="2024-01-17T13:04:03.7005772-06:00" Length="800" />
    <ProjectFile Name="CommLoss.Script.cs" ModifiedDate="2024-01-17T13:04:03.7005772-06:00" Length="1572" />
    <ProjectFile Name="CommLoss.xaml" ModifiedDate="2024-01-17T13:04:03.7065746-06:00" Length="2848" />
    <ProjectFile Name="ConfirmLogout.neoxaml" ModifiedDate="2024-01-17T13:17:02.3050005-06:00" Length="826" />
    <ProjectFile Name="ConfirmLogout.Script.cs" ModifiedDate="2024-01-17T13:17:02.3059665-06:00" Length="919" />
    <ProjectFile Name="ConfirmLogout.xaml" ModifiedDate="2024-01-17T13:17:02.3139788-06:00" Length="3883" />
    <ProjectFile Name="Printer1.xml" ModifiedDate="2024-01-16T12:00:47.6530859-06:00" Length="850" />
    <ProjectFile Name="Controller1.neo" ModifiedDate="2024-01-17T14:07:03.0170853-06:00" Length="229841" />
    <ProjectFile Name="Helper.neo" ModifiedDate="2024-01-17T13:44:42.5706817-06:00" Length="467" />
    <ProjectFile Name="Helper.Script.cs" ModifiedDate="2024-01-17T13:44:42.5706817-06:00" Length="1946" />
    <ProjectFile Name="BackUP.neo" ModifiedDate="2024-01-17T10:51:15.9447235-06:00" Length="481" />
    <ProjectFile Name="BackUP.Script.cs" ModifiedDate="2024-01-17T10:51:15.9447235-06:00" Length="3394" />
  </ProjectFiles>
</Project>