{"creationDate":"2019-08-21T14:09:53.222Z","firmwareVersion":"V.2.04.00","articleNo":"56535","files":[{"name":"ZH-CN.JSN","archiveName":"0_ZH-CN.JSN","type":"application/json","download":"/WEBUI/LANGUAGE/ZH-CN.JSN","upload":"/WebUIUpload/WEBUI/LANGUAGE/ZH-CN.JSN","overwrite":true},{"name":"ZH-CN.PNG","archiveName":"1_ZH-CN.PNG","type":"image/png","download":"/WEBUI/LANGUAGE/ZH-CN.PNG","upload":"/WebUIUpload/WEBUI/LANGUAGE/ZH-CN.PNG","overwrite":true},{"name":"EN-CA.JSN","archiveName":"2_EN-CA.JSN","type":"application/json","download":"/WEBUI/LANGUAGE/EN-CA.JSN","upload":"/WebUIUpload/WEBUI/LANGUAGE/EN-CA.JSN","overwrite":true},{"name":"EN-EN.JSN","archiveName":"3_EN-EN.JSN","type":"application/json","download":"/WEBUI/LANGUAGE/EN-EN.JSN","upload":"/WebUIUpload/WEBUI/LANGUAGE/EN-EN.JSN","overwrite":true},{"name":"EN-US.JSN","archiveName":"4_EN-US.JSN","type":"application/json","download":"/WEBUI/LANGUAGE/EN-US.JSN","upload":"/WebUIUpload/WEBUI/LANGUAGE/EN-US.JSN","overwrite":true},{"name":"DE-DE.JSN","archiveName":"5_DE-DE.JSN","type":"application/json","download":"/WEBUI/LANGUAGE/DE-DE.JSN","upload":"/WebUIUpload/WEBUI/LANGUAGE/DE-DE.JSN","overwrite":true},{"name":"DE-CH.JSN","archiveName":"6_DE-CH.JSN","type":"application/json","download":"/WEBUI/LANGUAGE/DE-CH.JSN","upload":"/WebUIUpload/WEBUI/LANGUAGE/DE-CH.JSN","overwrite":true},{"name":"EN-US.PNG","archiveName":"7_EN-US.PNG","type":"image/png","download":"/WEBUI/LANGUAGE/EN-US.PNG","upload":"/WebUIUpload/WEBUI/LANGUAGE/EN-US.PNG","overwrite":true},{"name":"EN-EN.PNG","archiveName":"8_EN-EN.PNG","type":"image/png","download":"/WEBUI/LANGUAGE/EN-EN.PNG","upload":"/WebUIUpload/WEBUI/LANGUAGE/EN-EN.PNG","overwrite":true},{"name":"EN-CA.PNG","archiveName":"9_EN-CA.PNG","type":"image/png","download":"/WEBUI/LANGUAGE/EN-CA.PNG","upload":"/WebUIUpload/WEBUI/LANGUAGE/EN-CA.PNG","overwrite":true},{"name":"DE-DE.PNG","archiveName":"10_DE-DE.PNG","type":"image/png","download":"/WEBUI/LANGUAGE/DE-DE.PNG","upload":"/WebUIUpload/WEBUI/LANGUAGE/DE-DE.PNG","overwrite":true},{"name":"DE-CH.PNG","archiveName":"11_DE-CH.PNG","type":"image/png","download":"/WEBUI/LANGUAGE/DE-CH.PNG","upload":"/WebUIUpload/WEBUI/LANGUAGE/DE-CH.PNG","overwrite":true},{"name":"CONFIG.CFG","archiveName":"12_CONFIG.CFG","type":"application/octet-stream","download":"/WEBUI/CONFIG.CFG","upload":"/WebUIUpload/WEBUI/CONFIG.CFG","overwrite":true},{"name":"LIC.ZIP","archiveName":"13_LIC.ZIP","type":"application/octet-stream","download":"/WEBUI/LIC.ZIP","upload":"/WebUIUpload/WEBUI/LIC.ZIP","overwrite":true},{"name":"IOL00002.JSN","archiveName":"14_IOL00002.JSN","type":"application/json","download":"/IOL00002.JSN","upload":"/WebUIUpload/IOL00002.JSN","overwrite":true},{"name":"CUBE67BN.CFG","archiveName":"15_CUBE67BN.CFG","type":"application/octet-stream","download":"/CUBE67BN.CFG","upload":"/WebUIUpload/CUBE67BN.CFG","overwrite":true},{"name":"CUBE67WS.CFG","archiveName":"16_CUBE67WS.CFG","type":"application/octet-stream","download":"/CUBE67WS.CFG","upload":"/WebUIUpload/CUBE67WS.CFG","overwrite":true}]}