﻿<?xml version="1.0" encoding="utf-8"?>
<Security SchemaVersion="2.51.49.0">
  <SecurityGroups>
    <Group ID="Group_01" Name="Administrators" ProjectGuid="ffe53069-5a23-462f-8616-12aa85b1e19d" />
    <Group ID="Group_02" Name="Operators" ProjectGuid="ffe53069-5a23-462f-8616-12aa85b1e19d" />
    <Group ID="Group_03" Name="Maintenance" ProjectGuid="ffe53069-5a23-462f-8616-12aa85b1e19d" />
  </SecurityGroups>
  <SecurityUsers>
    <User ProjectGuid="ffe53069-5a23-462f-8616-12aa85b1e19d">
      <Username>Operator</Username>
      <PasswordHash>TxbCHfSExzV+/i9mo6pqH6qRlgc=</PasswordHash>
      <Description></Description>
      <Groups>
        <Group>Group_02</Group>
      </Groups>
      <IsErasable>False</IsErasable>
    </User>
    <User ProjectGuid="ffe53069-5a23-462f-8616-12aa85b1e19d">
      <Username>Maintenance</Username>
      <PasswordHash>Hkqi6ChZBw7m7na3mLFFvxi6swc=</PasswordHash>
      <Description></Description>
      <Groups>
        <Group>Group_01</Group>
        <Group>Group_03</Group>
      </Groups>
      <IsErasable>False</IsErasable>
    </User>
  </SecurityUsers>
</Security>