{"creationDate":"2019-08-28T18:56:01.359Z","firmwareVersion":"V.2.05.00","articleNo":"56535","files":[{"name":"JA-JP.JSN","archiveName":"0_JA-JP.JSN","type":"application/json","download":"/WEBUI/LANGUAGE/JA-JP.JSN","upload":"/WebUIUpload/WEBUI/LANGUAGE/JA-JP.JSN","overwrite":true},{"name":"JA-JP.PNG","archiveName":"1_JA-JP.PNG","type":"image/png","download":"/WEBUI/LANGUAGE/JA-JP.PNG","upload":"/WebUIUpload/WEBUI/LANGUAGE/JA-JP.PNG","overwrite":true},{"name":"ZH-CN.JSN","archiveName":"2_ZH-CN.JSN","type":"application/json","download":"/WEBUI/LANGUAGE/ZH-CN.JSN","upload":"/WebUIUpload/WEBUI/LANGUAGE/ZH-CN.JSN","overwrite":true},{"name":"ZH-CN.PNG","archiveName":"3_ZH-CN.PNG","type":"image/png","download":"/WEBUI/LANGUAGE/ZH-CN.PNG","upload":"/WebUIUpload/WEBUI/LANGUAGE/ZH-CN.PNG","overwrite":true},{"name":"EN-CA.JSN","archiveName":"4_EN-CA.JSN","type":"application/json","download":"/WEBUI/LANGUAGE/EN-CA.JSN","upload":"/WebUIUpload/WEBUI/LANGUAGE/EN-CA.JSN","overwrite":true},{"name":"EN-EN.JSN","archiveName":"5_EN-EN.JSN","type":"application/json","download":"/WEBUI/LANGUAGE/EN-EN.JSN","upload":"/WebUIUpload/WEBUI/LANGUAGE/EN-EN.JSN","overwrite":true},{"name":"EN-US.JSN","archiveName":"6_EN-US.JSN","type":"application/json","download":"/WEBUI/LANGUAGE/EN-US.JSN","upload":"/WebUIUpload/WEBUI/LANGUAGE/EN-US.JSN","overwrite":true},{"name":"DE-DE.JSN","archiveName":"7_DE-DE.JSN","type":"application/json","download":"/WEBUI/LANGUAGE/DE-DE.JSN","upload":"/WebUIUpload/WEBUI/LANGUAGE/DE-DE.JSN","overwrite":true},{"name":"DE-CH.JSN","archiveName":"8_DE-CH.JSN","type":"application/json","download":"/WEBUI/LANGUAGE/DE-CH.JSN","upload":"/WebUIUpload/WEBUI/LANGUAGE/DE-CH.JSN","overwrite":true},{"name":"EN-US.PNG","archiveName":"9_EN-US.PNG","type":"image/png","download":"/WEBUI/LANGUAGE/EN-US.PNG","upload":"/WebUIUpload/WEBUI/LANGUAGE/EN-US.PNG","overwrite":true},{"name":"EN-EN.PNG","archiveName":"10_EN-EN.PNG","type":"image/png","download":"/WEBUI/LANGUAGE/EN-EN.PNG","upload":"/WebUIUpload/WEBUI/LANGUAGE/EN-EN.PNG","overwrite":true},{"name":"EN-CA.PNG","archiveName":"11_EN-CA.PNG","type":"image/png","download":"/WEBUI/LANGUAGE/EN-CA.PNG","upload":"/WebUIUpload/WEBUI/LANGUAGE/EN-CA.PNG","overwrite":true},{"name":"DE-DE.PNG","archiveName":"12_DE-DE.PNG","type":"image/png","download":"/WEBUI/LANGUAGE/DE-DE.PNG","upload":"/WebUIUpload/WEBUI/LANGUAGE/DE-DE.PNG","overwrite":true},{"name":"DE-CH.PNG","archiveName":"13_DE-CH.PNG","type":"image/png","download":"/WEBUI/LANGUAGE/DE-CH.PNG","upload":"/WebUIUpload/WEBUI/LANGUAGE/DE-CH.PNG","overwrite":true},{"name":"CONFIG.CFG","archiveName":"14_CONFIG.CFG","type":"application/octet-stream","download":"/WEBUI/CONFIG.CFG","upload":"/WebUIUpload/WEBUI/CONFIG.CFG","overwrite":true},{"name":"LIC.ZIP","archiveName":"15_LIC.ZIP","type":"application/octet-stream","download":"/WEBUI/LIC.ZIP","upload":"/WebUIUpload/WEBUI/LIC.ZIP","overwrite":true},{"name":"IOL00002.JSN","archiveName":"16_IOL00002.JSN","type":"application/json","download":"/IOL00002.JSN","upload":"/WebUIUpload/IOL00002.JSN","overwrite":true},{"name":"IODD-002.ZIP","archiveName":"17_IODD-002.ZIP","type":"application/octet-stream","download":"/IODD-002.ZIP","upload":"/WebUIUpload/IODD-002.ZIP","overwrite":true},{"name":"CATINDEX.JSN","archiveName":"18_CATINDEX.JSN","type":"application/json","download":"/CATINDEX.JSN","upload":"/WebUIUpload/CATINDEX.JSN","overwrite":true},{"name":"IODD-000.ZIP","archiveName":"19_IODD-000.ZIP","type":"application/octet-stream","download":"/IODD-000.ZIP","upload":"/WebUIUpload/IODD-000.ZIP","overwrite":true},{"name":"IODD-001.ZIP","archiveName":"20_IODD-001.ZIP","type":"application/octet-stream","download":"/IODD-001.ZIP","upload":"/WebUIUpload/IODD-001.ZIP","overwrite":true},{"name":"IOL00001.JSN","archiveName":"21_IOL00001.JSN","type":"application/json","download":"/IOL00001.JSN","upload":"/WebUIUpload/IOL00001.JSN","overwrite":true},{"name":"CUBE67BN.CFG","archiveName":"22_CUBE67BN.CFG","type":"application/octet-stream","download":"/CUBE67BN.CFG","upload":"/WebUIUpload/CUBE67BN.CFG","overwrite":true},{"name":"CUBE67WS.CFG","archiveName":"23_CUBE67WS.CFG","type":"application/octet-stream","download":"/CUBE67WS.CFG","upload":"/WebUIUpload/CUBE67WS.CFG","overwrite":true}]}